{
  "project_info": {
    "project_number": "1082990004461",
    "project_id": "charcha-e15d6",
    "storage_bucket": "charcha-e15d6.appspot.com"
  },
  "client": [
    {
      "client_info": {
        "mobilesdk_app_id": "1:1082990004461:android:08c5d75b889b636af6e4e4",
        "android_client_info": {
          "package_name": "com.techinnovator.jmcharcha"
        }
      },
      "oauth_client": [
        {
          "client_id": "1082990004461-005h688788i5s567k93674nam07b4ntb.apps.googleusercontent.com",
          "client_type": 3
        }
      ],
      "api_key": [
        {
          "current_key": "AIzaSyDJvnGi9VOoADxxbhVNbllNDfCNF8Z75x0"
        }
      ],
      "services": {
        "appinvite_service": {
          "other_platform_oauth_client": [
            {
              "client_id": "1082990004461-005h688788i5s567k93674nam07b4ntb.apps.googleusercontent.com",
              "client_type": 3
            }
          ]
        }
      }
    }
  ],
  "configuration_version": "1"
}